{"inputs":{"bazel-out/k8-fastbuild/bin/packages/localize/tools/src/diagnostics.mjs":{"bytes":5545,"imports":[]},"bazel-out/k8-fastbuild/bin/packages/localize/tools/src/source_file_utils.mjs":{"bytes":55438,"imports":[]},"bazel-out/k8-fastbuild/bin/packages/localize/tools/src/extract/duplicates.mjs":{"bytes":7134,"imports":[{"path":"bazel-out/k8-fastbuild/bin/packages/localize/tools/src/diagnostics.mjs","kind":"import-statement"},{"path":"bazel-out/k8-fastbuild/bin/packages/localize/tools/src/source_file_utils.mjs","kind":"import-statement"}]},"bazel-out/k8-fastbuild/bin/packages/localize/tools/src/extract/source_files/es2015_extract_plugin.mjs":{"bytes":4859,"imports":[{"path":"bazel-out/k8-fastbuild/bin/packages/localize/tools/src/source_file_utils.mjs","kind":"import-statement"}]},"bazel-out/k8-fastbuild/bin/packages/localize/tools/src/extract/source_files/es5_extract_plugin.mjs":{"bytes":6796,"imports":[{"path":"bazel-out/k8-fastbuild/bin/packages/localize/tools/src/source_file_utils.mjs","kind":"import-statement"}]},"bazel-out/k8-fastbuild/bin/packages/localize/tools/src/extract/extraction.mjs":{"bytes":16841,"imports":[{"path":"bazel-out/k8-fastbuild/bin/packages/localize/tools/src/extract/source_files/es2015_extract_plugin.mjs","kind":"import-statement"},{"path":"bazel-out/k8-fastbuild/bin/packages/localize/tools/src/extract/source_files/es5_extract_plugin.mjs","kind":"import-statement"}]},"bazel-out/k8-fastbuild/bin/packages/localize/tools/src/extract/translation_files/utils.mjs":{"bytes":8548,"imports":[]},"bazel-out/k8-fastbuild/bin/packages/localize/tools/src/extract/translation_files/arb_translation_serializer.mjs":{"bytes":11085,"imports":[{"path":"bazel-out/k8-fastbuild/bin/packages/localize/tools/src/extract/translation_files/utils.mjs","kind":"import-statement"}]},"bazel-out/k8-fastbuild/bin/packages/localize/tools/src/extract/translation_files/json_translation_serializer.mjs":{"bytes":3386,"imports":[{"path":"bazel-out/k8-fastbuild/bin/packages/localize/tools/src/extract/translation_files/utils.mjs","kind":"import-statement"}]},"bazel-out/k8-fastbuild/bin/packages/localize/tools/src/extract/translation_files/legacy_message_id_migration_serializer.mjs":{"bytes":5471,"imports":[]},"bazel-out/k8-fastbuild/bin/packages/localize/tools/src/extract/translation_files/format_options.mjs":{"bytes":5262,"imports":[]},"bazel-out/k8-fastbuild/bin/packages/localize/tools/src/extract/translation_files/icu_parsing.mjs":{"bytes":20522,"imports":[]},"bazel-out/k8-fastbuild/bin/packages/localize/tools/src/extract/translation_files/xml_file.mjs":{"bytes":9507,"imports":[]},"bazel-out/k8-fastbuild/bin/packages/localize/tools/src/extract/translation_files/xliff1_translation_serializer.mjs":{"bytes":28639,"imports":[{"path":"bazel-out/k8-fastbuild/bin/packages/localize/tools/src/extract/translation_files/format_options.mjs","kind":"import-statement"},{"path":"bazel-out/k8-fastbuild/bin/packages/localize/tools/src/extract/translation_files/icu_parsing.mjs","kind":"import-statement"},{"path":"bazel-out/k8-fastbuild/bin/packages/localize/tools/src/extract/translation_files/utils.mjs","kind":"import-statement"},{"path":"bazel-out/k8-fastbuild/bin/packages/localize/tools/src/extract/translation_files/xml_file.mjs","kind":"import-statement"}]},"bazel-out/k8-fastbuild/bin/packages/localize/tools/src/extract/translation_files/xliff2_translation_serializer.mjs":{"bytes":29057,"imports":[{"path":"bazel-out/k8-fastbuild/bin/packages/localize/tools/src/extract/translation_files/format_options.mjs","kind":"import-statement"},{"path":"bazel-out/k8-fastbuild/bin/packages/localize/tools/src/extract/translation_files/icu_parsing.mjs","kind":"import-statement"},{"path":"bazel-out/k8-fastbuild/bin/packages/localize/tools/src/extract/translation_files/utils.mjs","kind":"import-statement"},{"path":"bazel-out/k8-fastbuild/bin/packages/localize/tools/src/extract/translation_files/xml_file.mjs","kind":"import-statement"}]},"bazel-out/k8-fastbuild/bin/packages/localize/tools/src/extract/translation_files/xmb_translation_serializer.mjs":{"bytes":16622,"imports":[{"path":"bazel-out/k8-fastbuild/bin/packages/localize/tools/src/extract/translation_files/icu_parsing.mjs","kind":"import-statement"},{"path":"bazel-out/k8-fastbuild/bin/packages/localize/tools/src/extract/translation_files/utils.mjs","kind":"import-statement"},{"path":"bazel-out/k8-fastbuild/bin/packages/localize/tools/src/extract/translation_files/xml_file.mjs","kind":"import-statement"}]},"bazel-out/k8-fastbuild/bin/packages/localize/tools/src/translate/source_files/es2015_translate_plugin.mjs":{"bytes":6877,"imports":[{"path":"bazel-out/k8-fastbuild/bin/packages/localize/tools/src/source_file_utils.mjs","kind":"import-statement"}]},"bazel-out/k8-fastbuild/bin/packages/localize/tools/src/translate/source_files/es5_translate_plugin.mjs":{"bytes":6428,"imports":[{"path":"bazel-out/k8-fastbuild/bin/packages/localize/tools/src/source_file_utils.mjs","kind":"import-statement"}]},"bazel-out/k8-fastbuild/bin/packages/localize/tools/src/translate/source_files/locale_plugin.mjs":{"bytes":12212,"imports":[{"path":"bazel-out/k8-fastbuild/bin/packages/localize/tools/src/source_file_utils.mjs","kind":"import-statement"}]},"bazel-out/k8-fastbuild/bin/packages/localize/tools/src/translate/translation_files/translation_parsers/arb_translation_parser.mjs":{"bytes":8479,"imports":[{"path":"bazel-out/k8-fastbuild/bin/packages/localize/tools/src/diagnostics.mjs","kind":"import-statement"}]},"bazel-out/k8-fastbuild/bin/packages/localize/tools/src/translate/translation_files/translation_parsers/simple_json_translation_parser.mjs":{"bytes":9630,"imports":[{"path":"bazel-out/k8-fastbuild/bin/packages/localize/tools/src/diagnostics.mjs","kind":"import-statement"}]},"bazel-out/k8-fastbuild/bin/packages/localize/tools/src/translate/translation_files/base_visitor.mjs":{"bytes":3036,"imports":[]},"bazel-out/k8-fastbuild/bin/packages/localize/tools/src/translate/translation_files/translation_parsers/translation_parse_error.mjs":{"bytes":3527,"imports":[]},"bazel-out/k8-fastbuild/bin/packages/localize/tools/src/translate/translation_files/translation_parsers/translation_utils.mjs":{"bytes":18771,"imports":[{"path":"bazel-out/k8-fastbuild/bin/packages/localize/tools/src/diagnostics.mjs","kind":"import-statement"},{"path":"bazel-out/k8-fastbuild/bin/packages/localize/tools/src/translate/translation_files/translation_parsers/translation_parse_error.mjs","kind":"import-statement"}]},"bazel-out/k8-fastbuild/bin/packages/localize/tools/src/translate/translation_files/message_serialization/message_serializer.mjs":{"bytes":12407,"imports":[{"path":"bazel-out/k8-fastbuild/bin/packages/localize/tools/src/translate/translation_files/base_visitor.mjs","kind":"import-statement"},{"path":"bazel-out/k8-fastbuild/bin/packages/localize/tools/src/translate/translation_files/translation_parsers/translation_parse_error.mjs","kind":"import-statement"},{"path":"bazel-out/k8-fastbuild/bin/packages/localize/tools/src/translate/translation_files/translation_parsers/translation_utils.mjs","kind":"import-statement"}]},"bazel-out/k8-fastbuild/bin/packages/localize/tools/src/translate/translation_files/message_serialization/target_message_renderer.mjs":{"bytes":6808,"imports":[]},"bazel-out/k8-fastbuild/bin/packages/localize/tools/src/translate/translation_files/translation_parsers/serialize_translation_message.mjs":{"bytes":3741,"imports":[{"path":"bazel-out/k8-fastbuild/bin/packages/localize/tools/src/translate/translation_files/message_serialization/message_serializer.mjs","kind":"import-statement"},{"path":"bazel-out/k8-fastbuild/bin/packages/localize/tools/src/translate/translation_files/message_serialization/target_message_renderer.mjs","kind":"import-statement"},{"path":"bazel-out/k8-fastbuild/bin/packages/localize/tools/src/translate/translation_files/translation_parsers/translation_utils.mjs","kind":"import-statement"}]},"bazel-out/k8-fastbuild/bin/packages/localize/tools/src/translate/translation_files/translation_parsers/xliff1_translation_parser.mjs":{"bytes":17757,"imports":[{"path":"bazel-out/k8-fastbuild/bin/packages/localize/tools/src/diagnostics.mjs","kind":"import-statement"},{"path":"bazel-out/k8-fastbuild/bin/packages/localize/tools/src/translate/translation_files/base_visitor.mjs","kind":"import-statement"},{"path":"bazel-out/k8-fastbuild/bin/packages/localize/tools/src/translate/translation_files/translation_parsers/serialize_translation_message.mjs","kind":"import-statement"},{"path":"bazel-out/k8-fastbuild/bin/packages/localize/tools/src/translate/translation_files/translation_parsers/translation_utils.mjs","kind":"import-statement"}]},"bazel-out/k8-fastbuild/bin/packages/localize/tools/src/translate/translation_files/translation_parsers/xliff2_translation_parser.mjs":{"bytes":18156,"imports":[{"path":"bazel-out/k8-fastbuild/bin/packages/localize/tools/src/diagnostics.mjs","kind":"import-statement"},{"path":"bazel-out/k8-fastbuild/bin/packages/localize/tools/src/translate/translation_files/base_visitor.mjs","kind":"import-statement"},{"path":"bazel-out/k8-fastbuild/bin/packages/localize/tools/src/translate/translation_files/translation_parsers/serialize_translation_message.mjs","kind":"import-statement"},{"path":"bazel-out/k8-fastbuild/bin/packages/localize/tools/src/translate/translation_files/translation_parsers/translation_utils.mjs","kind":"import-statement"}]},"bazel-out/k8-fastbuild/bin/packages/localize/tools/src/translate/translation_files/translation_parsers/xtb_translation_parser.mjs":{"bytes":13769,"imports":[{"path":"bazel-out/k8-fastbuild/bin/packages/localize/tools/src/diagnostics.mjs","kind":"import-statement"},{"path":"bazel-out/k8-fastbuild/bin/packages/localize/tools/src/translate/translation_files/base_visitor.mjs","kind":"import-statement"},{"path":"bazel-out/k8-fastbuild/bin/packages/localize/tools/src/translate/translation_files/translation_parsers/serialize_translation_message.mjs","kind":"import-statement"},{"path":"bazel-out/k8-fastbuild/bin/packages/localize/tools/src/translate/translation_files/translation_parsers/translation_utils.mjs","kind":"import-statement"}]},"bazel-out/k8-fastbuild/bin/packages/localize/tools/index.mjs":{"bytes":7373,"imports":[{"path":"bazel-out/k8-fastbuild/bin/packages/localize/tools/src/diagnostics.mjs","kind":"import-statement"},{"path":"bazel-out/k8-fastbuild/bin/packages/localize/tools/src/extract/duplicates.mjs","kind":"import-statement"},{"path":"bazel-out/k8-fastbuild/bin/packages/localize/tools/src/extract/extraction.mjs","kind":"import-statement"},{"path":"bazel-out/k8-fastbuild/bin/packages/localize/tools/src/extract/translation_files/arb_translation_serializer.mjs","kind":"import-statement"},{"path":"bazel-out/k8-fastbuild/bin/packages/localize/tools/src/extract/translation_files/json_translation_serializer.mjs","kind":"import-statement"},{"path":"bazel-out/k8-fastbuild/bin/packages/localize/tools/src/extract/translation_files/legacy_message_id_migration_serializer.mjs","kind":"import-statement"},{"path":"bazel-out/k8-fastbuild/bin/packages/localize/tools/src/extract/translation_files/xliff1_translation_serializer.mjs","kind":"import-statement"},{"path":"bazel-out/k8-fastbuild/bin/packages/localize/tools/src/extract/translation_files/xliff2_translation_serializer.mjs","kind":"import-statement"},{"path":"bazel-out/k8-fastbuild/bin/packages/localize/tools/src/extract/translation_files/xmb_translation_serializer.mjs","kind":"import-statement"},{"path":"bazel-out/k8-fastbuild/bin/packages/localize/tools/src/source_file_utils.mjs","kind":"import-statement"},{"path":"bazel-out/k8-fastbuild/bin/packages/localize/tools/src/translate/source_files/es2015_translate_plugin.mjs","kind":"import-statement"},{"path":"bazel-out/k8-fastbuild/bin/packages/localize/tools/src/translate/source_files/es5_translate_plugin.mjs","kind":"import-statement"},{"path":"bazel-out/k8-fastbuild/bin/packages/localize/tools/src/translate/source_files/locale_plugin.mjs","kind":"import-statement"},{"path":"bazel-out/k8-fastbuild/bin/packages/localize/tools/src/translate/translation_files/translation_parsers/arb_translation_parser.mjs","kind":"import-statement"},{"path":"bazel-out/k8-fastbuild/bin/packages/localize/tools/src/translate/translation_files/translation_parsers/simple_json_translation_parser.mjs","kind":"import-statement"},{"path":"bazel-out/k8-fastbuild/bin/packages/localize/tools/src/translate/translation_files/translation_parsers/xliff1_translation_parser.mjs","kind":"import-statement"},{"path":"bazel-out/k8-fastbuild/bin/packages/localize/tools/src/translate/translation_files/translation_parsers/xliff2_translation_parser.mjs","kind":"import-statement"},{"path":"bazel-out/k8-fastbuild/bin/packages/localize/tools/src/translate/translation_files/translation_parsers/xtb_translation_parser.mjs","kind":"import-statement"}]},"bazel-out/k8-fastbuild/bin/packages/localize/tools/src/extract/index.mjs":{"bytes":13032,"imports":[{"path":"bazel-out/k8-fastbuild/bin/packages/localize/tools/src/extract/duplicates.mjs","kind":"import-statement"},{"path":"bazel-out/k8-fastbuild/bin/packages/localize/tools/src/extract/extraction.mjs","kind":"import-statement"},{"path":"bazel-out/k8-fastbuild/bin/packages/localize/tools/src/extract/translation_files/arb_translation_serializer.mjs","kind":"import-statement"},{"path":"bazel-out/k8-fastbuild/bin/packages/localize/tools/src/extract/translation_files/json_translation_serializer.mjs","kind":"import-statement"},{"path":"bazel-out/k8-fastbuild/bin/packages/localize/tools/src/extract/translation_files/legacy_message_id_migration_serializer.mjs","kind":"import-statement"},{"path":"bazel-out/k8-fastbuild/bin/packages/localize/tools/src/extract/translation_files/xliff1_translation_serializer.mjs","kind":"import-statement"},{"path":"bazel-out/k8-fastbuild/bin/packages/localize/tools/src/extract/translation_files/xliff2_translation_serializer.mjs","kind":"import-statement"},{"path":"bazel-out/k8-fastbuild/bin/packages/localize/tools/src/extract/translation_files/xmb_translation_serializer.mjs","kind":"import-statement"}]},"bazel-out/k8-fastbuild/bin/packages/localize/tools/src/extract/cli.mjs":{"bytes":12502,"imports":[{"path":"bazel-out/k8-fastbuild/bin/packages/localize/tools/src/extract/translation_files/format_options.mjs","kind":"import-statement"},{"path":"bazel-out/k8-fastbuild/bin/packages/localize/tools/src/extract/index.mjs","kind":"import-statement"}]},"bazel-out/k8-fastbuild/bin/packages/localize/tools/src/migrate/migrate.mjs":{"bytes":2976,"imports":[]},"bazel-out/k8-fastbuild/bin/packages/localize/tools/src/migrate/index.mjs":{"bytes":4945,"imports":[{"path":"bazel-out/k8-fastbuild/bin/packages/localize/tools/src/migrate/migrate.mjs","kind":"import-statement"}]},"bazel-out/k8-fastbuild/bin/packages/localize/tools/src/migrate/cli.mjs":{"bytes":5426,"imports":[{"path":"bazel-out/k8-fastbuild/bin/packages/localize/tools/src/migrate/index.mjs","kind":"import-statement"}]},"bazel-out/k8-fastbuild/bin/packages/localize/tools/src/translate/output_path.mjs":{"bytes":2961,"imports":[]},"bazel-out/k8-fastbuild/bin/packages/localize/tools/src/translate/asset_files/asset_translation_handler.mjs":{"bytes":5684,"imports":[]},"bazel-out/k8-fastbuild/bin/packages/localize/tools/src/translate/source_files/source_file_translation_handler.mjs":{"bytes":15847,"imports":[{"path":"bazel-out/k8-fastbuild/bin/packages/localize/tools/src/translate/source_files/es2015_translate_plugin.mjs","kind":"import-statement"},{"path":"bazel-out/k8-fastbuild/bin/packages/localize/tools/src/translate/source_files/es5_translate_plugin.mjs","kind":"import-statement"},{"path":"bazel-out/k8-fastbuild/bin/packages/localize/tools/src/translate/source_files/locale_plugin.mjs","kind":"import-statement"}]},"bazel-out/k8-fastbuild/bin/packages/localize/tools/src/translate/translation_files/translation_loader.mjs":{"bytes":18513,"imports":[]},"bazel-out/k8-fastbuild/bin/packages/localize/tools/src/translate/translator.mjs":{"bytes":7865,"imports":[]},"bazel-out/k8-fastbuild/bin/packages/localize/tools/src/translate/index.mjs":{"bytes":11621,"imports":[{"path":"bazel-out/k8-fastbuild/bin/packages/localize/tools/src/translate/asset_files/asset_translation_handler.mjs","kind":"import-statement"},{"path":"bazel-out/k8-fastbuild/bin/packages/localize/tools/src/translate/source_files/source_file_translation_handler.mjs","kind":"import-statement"},{"path":"bazel-out/k8-fastbuild/bin/packages/localize/tools/src/translate/translation_files/translation_loader.mjs","kind":"import-statement"},{"path":"bazel-out/k8-fastbuild/bin/packages/localize/tools/src/translate/translation_files/translation_parsers/arb_translation_parser.mjs","kind":"import-statement"},{"path":"bazel-out/k8-fastbuild/bin/packages/localize/tools/src/translate/translation_files/translation_parsers/simple_json_translation_parser.mjs","kind":"import-statement"},{"path":"bazel-out/k8-fastbuild/bin/packages/localize/tools/src/translate/translation_files/translation_parsers/xliff1_translation_parser.mjs","kind":"import-statement"},{"path":"bazel-out/k8-fastbuild/bin/packages/localize/tools/src/translate/translation_files/translation_parsers/xliff2_translation_parser.mjs","kind":"import-statement"},{"path":"bazel-out/k8-fastbuild/bin/packages/localize/tools/src/translate/translation_files/translation_parsers/xtb_translation_parser.mjs","kind":"import-statement"},{"path":"bazel-out/k8-fastbuild/bin/packages/localize/tools/src/translate/translator.mjs","kind":"import-statement"}]},"bazel-out/k8-fastbuild/bin/packages/localize/tools/src/translate/cli.mjs":{"bytes":14938,"imports":[{"path":"bazel-out/k8-fastbuild/bin/packages/localize/tools/src/diagnostics.mjs","kind":"import-statement"},{"path":"bazel-out/k8-fastbuild/bin/packages/localize/tools/src/translate/output_path.mjs","kind":"import-statement"},{"path":"bazel-out/k8-fastbuild/bin/packages/localize/tools/src/translate/index.mjs","kind":"import-statement"}]}},"outputs":{"bazel-out/k8-fastbuild/bin/packages/localize/tools/bundles/index.js.map":{"imports":[],"exports":[],"inputs":{},"bytes":212},"bazel-out/k8-fastbuild/bin/packages/localize/tools/bundles/index.js":{"imports":[{"path":"bazel-out/k8-fastbuild/bin/packages/localize/tools/bundles/chunk-URWRI34O.js","kind":"import-statement"},{"path":"bazel-out/k8-fastbuild/bin/packages/localize/tools/bundles/chunk-NCEP4OH2.js","kind":"import-statement"},{"path":"bazel-out/k8-fastbuild/bin/packages/localize/tools/bundles/chunk-GGL5GE7J.js","kind":"import-statement"}],"exports":["ArbTranslationParser","ArbTranslationSerializer","Diagnostics","LegacyMessageIdMigrationSerializer","MessageExtractor","SimpleJsonTranslationParser","SimpleJsonTranslationSerializer","Xliff1TranslationParser","Xliff1TranslationSerializer","Xliff2TranslationParser","Xliff2TranslationSerializer","XmbTranslationSerializer","XtbTranslationParser","buildLocalizeReplacement","checkDuplicateMessages","isGlobalIdentifier","makeEs2015TranslatePlugin","makeEs5TranslatePlugin","makeLocalePlugin","translate","unwrapExpressionsFromTemplateLiteral","unwrapMessagePartsFromLocalizeCall","unwrapMessagePartsFromTemplateLiteral","unwrapSubstitutionsFromLocalizeCall"],"entryPoint":"bazel-out/k8-fastbuild/bin/packages/localize/tools/index.mjs","inputs":{"bazel-out/k8-fastbuild/bin/packages/localize/tools/index.mjs":{"bytesInOutput":129}},"bytes":2048},"bazel-out/k8-fastbuild/bin/packages/localize/tools/bundles/src/extract/cli.js.map":{"imports":[],"exports":[],"inputs":{},"bytes":2786},"bazel-out/k8-fastbuild/bin/packages/localize/tools/bundles/src/extract/cli.js":{"imports":[{"path":"bazel-out/k8-fastbuild/bin/packages/localize/tools/bundles/chunk-URWRI34O.js","kind":"import-statement"},{"path":"bazel-out/k8-fastbuild/bin/packages/localize/tools/bundles/chunk-GGL5GE7J.js","kind":"import-statement"}],"exports":[],"entryPoint":"bazel-out/k8-fastbuild/bin/packages/localize/tools/src/extract/cli.mjs","inputs":{"bazel-out/k8-fastbuild/bin/packages/localize/tools/src/extract/cli.mjs":{"bytesInOutput":3045},"bazel-out/k8-fastbuild/bin/packages/localize/tools/src/extract/index.mjs":{"bytesInOutput":2103}},"bytes":6095},"bazel-out/k8-fastbuild/bin/packages/localize/tools/bundles/chunk-URWRI34O.js.map":{"imports":[],"exports":[],"inputs":{},"bytes":19712},"bazel-out/k8-fastbuild/bin/packages/localize/tools/bundles/chunk-URWRI34O.js":{"imports":[{"path":"bazel-out/k8-fastbuild/bin/packages/localize/tools/bundles/chunk-GGL5GE7J.js","kind":"import-statement"}],"exports":["ArbTranslationSerializer","LegacyMessageIdMigrationSerializer","MessageExtractor","SimpleJsonTranslationSerializer","Xliff1TranslationSerializer","Xliff2TranslationSerializer","XmbTranslationSerializer","checkDuplicateMessages","parseFormatOptions"],"inputs":{"bazel-out/k8-fastbuild/bin/packages/localize/tools/src/extract/duplicates.mjs":{"bytesInOutput":1244},"bazel-out/k8-fastbuild/bin/packages/localize/tools/src/extract/extraction.mjs":{"bytesInOutput":3116},"bazel-out/k8-fastbuild/bin/packages/localize/tools/src/extract/source_files/es2015_extract_plugin.mjs":{"bytesInOutput":836},"bazel-out/k8-fastbuild/bin/packages/localize/tools/src/extract/source_files/es5_extract_plugin.mjs":{"bytesInOutput":1142},"bazel-out/k8-fastbuild/bin/packages/localize/tools/src/extract/translation_files/utils.mjs":{"bytesInOutput":1180},"bazel-out/k8-fastbuild/bin/packages/localize/tools/src/extract/translation_files/arb_translation_serializer.mjs":{"bytesInOutput":1945},"bazel-out/k8-fastbuild/bin/packages/localize/tools/src/extract/translation_files/json_translation_serializer.mjs":{"bytesInOutput":412},"bazel-out/k8-fastbuild/bin/packages/localize/tools/src/extract/translation_files/legacy_message_id_migration_serializer.mjs":{"bytesInOutput":925},"bazel-out/k8-fastbuild/bin/packages/localize/tools/src/extract/translation_files/format_options.mjs":{"bytesInOutput":760},"bazel-out/k8-fastbuild/bin/packages/localize/tools/src/extract/translation_files/xliff1_translation_serializer.mjs":{"bytesInOutput":5340},"bazel-out/k8-fastbuild/bin/packages/localize/tools/src/extract/translation_files/icu_parsing.mjs":{"bytesInOutput":2268},"bazel-out/k8-fastbuild/bin/packages/localize/tools/src/extract/translation_files/xml_file.mjs":{"bytesInOutput":1984},"bazel-out/k8-fastbuild/bin/packages/localize/tools/src/extract/translation_files/xliff2_translation_serializer.mjs":{"bytesInOutput":5567},"bazel-out/k8-fastbuild/bin/packages/localize/tools/src/extract/translation_files/xmb_translation_serializer.mjs":{"bytesInOutput":2839}},"bytes":32234},"bazel-out/k8-fastbuild/bin/packages/localize/tools/bundles/src/migrate/cli.js.map":{"imports":[],"exports":[],"inputs":{},"bytes":1651},"bazel-out/k8-fastbuild/bin/packages/localize/tools/bundles/src/migrate/cli.js":{"imports":[],"exports":[],"entryPoint":"bazel-out/k8-fastbuild/bin/packages/localize/tools/src/migrate/cli.mjs","inputs":{"bazel-out/k8-fastbuild/bin/packages/localize/tools/src/migrate/cli.mjs":{"bytesInOutput":1163},"bazel-out/k8-fastbuild/bin/packages/localize/tools/src/migrate/index.mjs":{"bytesInOutput":829},"bazel-out/k8-fastbuild/bin/packages/localize/tools/src/migrate/migrate.mjs":{"bytesInOutput":405}},"bytes":3165},"bazel-out/k8-fastbuild/bin/packages/localize/tools/bundles/src/translate/cli.js.map":{"imports":[],"exports":[],"inputs":{},"bytes":8108},"bazel-out/k8-fastbuild/bin/packages/localize/tools/bundles/src/translate/cli.js":{"imports":[{"path":"bazel-out/k8-fastbuild/bin/packages/localize/tools/bundles/chunk-NCEP4OH2.js","kind":"import-statement"},{"path":"bazel-out/k8-fastbuild/bin/packages/localize/tools/bundles/chunk-GGL5GE7J.js","kind":"import-statement"}],"exports":[],"entryPoint":"bazel-out/k8-fastbuild/bin/packages/localize/tools/src/translate/cli.mjs","inputs":{"bazel-out/k8-fastbuild/bin/packages/localize/tools/src/translate/cli.mjs":{"bytesInOutput":3511},"bazel-out/k8-fastbuild/bin/packages/localize/tools/src/translate/output_path.mjs":{"bytesInOutput":259},"bazel-out/k8-fastbuild/bin/packages/localize/tools/src/translate/index.mjs":{"bytesInOutput":1411},"bazel-out/k8-fastbuild/bin/packages/localize/tools/src/translate/asset_files/asset_translation_handler.mjs":{"bytesInOutput":978},"bazel-out/k8-fastbuild/bin/packages/localize/tools/src/translate/source_files/source_file_translation_handler.mjs":{"bytesInOutput":3080},"bazel-out/k8-fastbuild/bin/packages/localize/tools/src/translate/translation_files/translation_loader.mjs":{"bytesInOutput":3415},"bazel-out/k8-fastbuild/bin/packages/localize/tools/src/translate/translator.mjs":{"bytesInOutput":884}},"bytes":15050},"bazel-out/k8-fastbuild/bin/packages/localize/tools/bundles/chunk-NCEP4OH2.js.map":{"imports":[],"exports":[],"inputs":{},"bytes":16705},"bazel-out/k8-fastbuild/bin/packages/localize/tools/bundles/chunk-NCEP4OH2.js":{"imports":[{"path":"bazel-out/k8-fastbuild/bin/packages/localize/tools/bundles/chunk-GGL5GE7J.js","kind":"import-statement"}],"exports":["ArbTranslationParser","SimpleJsonTranslationParser","Xliff1TranslationParser","Xliff2TranslationParser","XtbTranslationParser","makeEs2015TranslatePlugin","makeEs5TranslatePlugin","makeLocalePlugin"],"inputs":{"bazel-out/k8-fastbuild/bin/packages/localize/tools/src/translate/source_files/es2015_translate_plugin.mjs":{"bytesInOutput":945},"bazel-out/k8-fastbuild/bin/packages/localize/tools/src/translate/source_files/es5_translate_plugin.mjs":{"bytesInOutput":1040},"bazel-out/k8-fastbuild/bin/packages/localize/tools/src/translate/source_files/locale_plugin.mjs":{"bytesInOutput":1717},"bazel-out/k8-fastbuild/bin/packages/localize/tools/src/translate/translation_files/translation_parsers/arb_translation_parser.mjs":{"bytesInOutput":1143},"bazel-out/k8-fastbuild/bin/packages/localize/tools/src/translate/translation_files/translation_parsers/simple_json_translation_parser.mjs":{"bytesInOutput":1819},"bazel-out/k8-fastbuild/bin/packages/localize/tools/src/translate/translation_files/translation_parsers/xliff1_translation_parser.mjs":{"bytesInOutput":3504},"bazel-out/k8-fastbuild/bin/packages/localize/tools/src/translate/translation_files/base_visitor.mjs":{"bytesInOutput":421},"bazel-out/k8-fastbuild/bin/packages/localize/tools/src/translate/translation_files/message_serialization/message_serializer.mjs":{"bytesInOutput":2396},"bazel-out/k8-fastbuild/bin/packages/localize/tools/src/translate/translation_files/translation_parsers/translation_parse_error.mjs":{"bytesInOutput":558},"bazel-out/k8-fastbuild/bin/packages/localize/tools/src/translate/translation_files/translation_parsers/translation_utils.mjs":{"bytesInOutput":3101},"bazel-out/k8-fastbuild/bin/packages/localize/tools/src/translate/translation_files/message_serialization/target_message_renderer.mjs":{"bytesInOutput":1284},"bazel-out/k8-fastbuild/bin/packages/localize/tools/src/translate/translation_files/translation_parsers/serialize_translation_message.mjs":{"bytesInOutput":428},"bazel-out/k8-fastbuild/bin/packages/localize/tools/src/translate/translation_files/translation_parsers/xliff2_translation_parser.mjs":{"bytesInOutput":3581},"bazel-out/k8-fastbuild/bin/packages/localize/tools/src/translate/translation_files/translation_parsers/xtb_translation_parser.mjs":{"bytesInOutput":2509}},"bytes":27360},"bazel-out/k8-fastbuild/bin/packages/localize/tools/bundles/chunk-GGL5GE7J.js.map":{"imports":[],"exports":[],"inputs":{},"bytes":7217},"bazel-out/k8-fastbuild/bin/packages/localize/tools/bundles/chunk-GGL5GE7J.js":{"imports":[],"exports":["Diagnostics","buildCodeFrameError","buildLocalizeReplacement","getLocation","isBabelParseError","isGlobalIdentifier","isLocalize","isNamedIdentifier","serializeLocationPosition","translate","unwrapExpressionsFromTemplateLiteral","unwrapMessagePartsFromLocalizeCall","unwrapMessagePartsFromTemplateLiteral","unwrapSubstitutionsFromLocalizeCall"],"inputs":{"bazel-out/k8-fastbuild/bin/packages/localize/tools/src/diagnostics.mjs":{"bytesInOutput":906},"bazel-out/k8-fastbuild/bin/packages/localize/tools/src/source_file_utils.mjs":{"bytesInOutput":10238}},"bytes":12047}}}